longitude,latitude,housing_median_age,total_rooms,total_bedrooms,population,households,median_income,median_house_value
-116.95,33.75,23.0,4676.0,1096.0,2770.0,1057.0,1.7847,109500.0
-117.3,34.05,7.0,4672.0,1121.0,2534.0,1046.0,3.4228,115700.0
-118.55,34.27,25.0,4919.0,661.0,2183.0,625.0,8.1356,352800.0
-119.68,36.32,28.0,1325.0,276.0,873.0,240.0,2.5833,54400.0
-118.13,33.83,44.0,1710.0,333.0,786.0,344.0,4.2917,314700.0
-117.11,32.76,31.0,2293.0,549.0,1108.0,557.0,3.3854,204400.0
-117.23,32.86,16.0,1675.0,354.0,604.0,332.0,5.2326,188300.0
-118.25,34.09,43.0,1903.0,635.0,1919.0,613.0,2.6336,174300.0
-118.34,34.11,51.0,937.0,348.0,527.0,333.0,4.3571,468800.0
-117.87,33.61,25.0,2267.0,359.0,866.0,348.0,7.79,500001.0
-121.94,37.95,18.0,2541.0,355.0,986.0,346.0,7.1978,288000.0
-118.4,34.7,10.0,4122.0,814.0,2164.0,710.0,4.2941,151600.0
-117.01,33.04,13.0,4595.0,567.0,1643.0,544.0,7.7684,362300.0
-120.62,35.11,18.0,2241.0,544.0,1521.0,509.0,2.0292,155800.0
-121.32,37.95,40.0,964.0,230.0,742.0,209.0,1.2625,43000.0
-121.55,39.1,27.0,1783.0,441.0,1163.0,409.0,1.2857,47000.0
-118.32,34.05,42.0,3292.0,713.0,2224.0,674.0,3.5517,291500.0
-118.02,33.83,26.0,3616.0,892.0,2257.0,821.0,3.1497,217600.0
-118.18,33.87,38.0,2664.0,626.0,1627.0,604.0,3.7527,161900.0
-117.96,33.68,24.0,6517.0,1279.0,3441.0,1198.0,4.25,152100.0
-117.1,34.21,22.0,4397.0,931.0,1145.0,445.0,4.5268,108400.0
-117.56,33.88,40.0,1196.0,294.0,1052.0,258.0,2.0682,113000.0
-121.01,37.68,33.0,828.0,123.0,373.0,133.0,5.5,146200.0
-118.29,34.07,24.0,4021.0,1707.0,3727.0,1529.0,1.7365,112500.0
-118.29,34.06,46.0,1759.0,1012.0,2716.0,877.0,2.1637,350000.0
-121.36,36.81,7.0,4609.0,741.0,1660.0,720.0,5.0871,290500.0
-122.44,37.72,49.0,1557.0,405.0,1173.0,385.0,3.4605,265000.0
-118.42,34.15,31.0,1861.0,430.0,736.0,360.0,5.2853,355900.0
-118.44,34.21,37.0,1665.0,335.0,1011.0,343.0,4.8703,185100.0
-122.06,37.96,37.0,1784.0,313.0,788.0,304.0,4.2917,189600.0
-118.39,34.08,52.0,1244.0,304.0,444.0,282.0,3.5114,430800.0
-118.62,34.21,26.0,3234.0,517.0,1597.0,513.0,6.1074,258600.0
-122.1,37.38,37.0,4167.0,612.0,1577.0,597.0,7.5655,500001.0
-122.03,38.0,25.0,3577.0,581.0,1753.0,593.0,5.7295,178300.0
-122.23,37.85,52.0,2800.0,411.0,1061.0,403.0,6.3434,373600.0
-119.56,36.53,19.0,2746.0,495.0,1670.0,518.0,3.2019,95700.0
-115.55,32.79,23.0,1004.0,221.0,697.0,201.0,1.6351,59600.0
-117.16,34.06,33.0,2101.0,468.0,1997.0,412.0,2.8125,117200.0
-122.02,37.01,20.0,1005.0,138.0,345.0,129.0,10.0968,500001.0
-122.04,37.59,14.0,1727.0,302.0,1116.0,273.0,5.3428,243600.0
-119.35,36.32,10.0,3817.0,719.0,1686.0,714.0,3.8235,94600.0
-121.3,38.13,27.0,1004.0,192.0,470.0,192.0,2.8942,116700.0
-118.12,34.14,52.0,2337.0,352.0,981.0,328.0,5.8692,490400.0
-118.36,33.87,22.0,2114.0,541.0,1300.0,538.0,3.4208,290000.0
-117.81,33.73,23.0,3056.0,556.0,1508.0,555.0,4.7273,234200.0
-118.01,34.11,36.0,1722.0,320.0,794.0,322.0,4.2132,212200.0
-122.22,40.18,13.0,3719.0,803.0,1754.0,764.0,2.3517,88900.0
-118.12,33.97,33.0,3099.0,839.0,2025.0,750.0,3.183,191100.0
-118.15,33.77,52.0,2204.0,498.0,899.0,445.0,4.1765,393900.0
-114.64,34.83,10.0,2502.0,573.0,1152.0,481.0,1.7062,86800.0
-118.19,34.06,44.0,1734.0,364.0,1133.0,351.0,2.5132,163100.0
-118.34,33.83,34.0,1761.0,329.0,965.0,329.0,5.399,358500.0
-116.95,32.82,12.0,5535.0,1434.0,3112.0,1262.0,2.5949,108300.0
-116.01,33.51,24.0,2985.0,958.0,4042.0,905.0,1.7344,66400.0
-122.29,37.41,30.0,6373.0,854.0,2149.0,798.0,10.6868,500001.0
-118.42,33.97,44.0,1462.0,240.0,562.0,237.0,4.9375,365200.0
-118.01,33.74,25.0,8110.0,1264.0,3613.0,1232.0,6.0609,264900.0
-116.54,33.81,24.0,6087.0,1217.0,1721.0,833.0,3.1493,199400.0
-117.12,34.1,40.0,96.0,14.0,46.0,14.0,3.2708,162500.0
-118.72,34.28,17.0,2654.0,478.0,1392.0,451.0,5.4459,223900.0
-117.7,33.6,25.0,1321.0,295.0,396.0,278.0,3.1131,77100.0
-118.22,33.97,43.0,381.0,67.0,259.0,60.0,3.0313,166100.0
-121.7,37.98,9.0,3079.0,519.0,1562.0,512.0,5.1041,172900.0
-121.33,38.63,23.0,1947.0,409.0,866.0,400.0,2.7181,156800.0
-121.99,37.34,26.0,3637.0,933.0,2249.0,905.0,3.9625,262900.0
-118.39,33.89,30.0,2532.0,464.0,1056.0,419.0,6.3434,460400.0
-122.37,40.58,25.0,2054.0,495.0,835.0,475.0,2.1538,76900.0
-123.35,40.99,23.0,141.0,59.0,47.0,23.0,1.125,66000.0
-118.63,34.18,32.0,1646.0,242.0,697.0,233.0,6.6689,433000.0
-121.87,37.42,19.0,12128.0,2112.0,6810.0,2040.0,6.4419,264500.0
-121.04,37.5,33.0,613.0,123.0,343.0,116.0,3.1875,129200.0
-118.33,33.98,30.0,3112.0,931.0,2739.0,841.0,1.6531,118500.0
-121.94,37.34,36.0,3142.0,632.0,1372.0,560.0,5.0175,246100.0
-122.4,37.6,52.0,1380.0,203.0,530.0,210.0,6.221,420300.0
-118.46,34.2,22.0,4855.0,1350.0,2519.0,1258.0,3.0893,205600.0
-117.84,34.63,5.0,6739.0,1251.0,4614.0,1266.0,4.002,115100.0
-117.29,34.41,11.0,5934.0,1380.0,2756.0,1239.0,1.5758,108300.0
-120.88,38.45,25.0,1374.0,297.0,657.0,288.0,2.5476,97900.0
-120.98,37.64,39.0,2617.0,659.0,2052.0,642.0,1.6952,65000.0
-117.1,32.7,42.0,2002.0,488.0,1505.0,464.0,1.5057,86300.0
-117.81,33.69,5.0,1256.0,256.0,880.0,288.0,2.4233,450000.0
-118.85,34.18,11.0,5873.0,1455.0,3089.0,1365.0,3.5504,173800.0
-117.01,32.76,34.0,3415.0,608.0,1464.0,593.0,4.0549,223700.0
-121.33,38.64,27.0,2203.0,493.0,1158.0,492.0,2.4342,119500.0
-122.45,41.28,15.0,2740.0,503.0,1188.0,445.0,3.4519,128800.0
-122.27,38.68,18.0,742.0,142.0,343.0,119.0,3.1563,98400.0
-119.23,35.77,36.0,3225.0,635.0,2034.0,593.0,2.4044,72500.0
-122.43,37.8,52.0,2696.0,572.0,925.0,552.0,5.0365,500000.0
-117.89,33.94,20.0,3349.0,685.0,1822.0,675.0,4.7216,227000.0
-122.01,39.21,50.0,1592.0,372.0,781.0,307.0,2.2679,69100.0
-121.62,36.68,43.0,2534.0,592.0,2448.0,603.0,2.4884,130500.0
-118.28,34.01,50.0,2601.0,794.0,3080.0,770.0,1.8656,122900.0
-118.06,33.78,22.0,4048.0,562.0,1637.0,541.0,7.3463,355600.0
-122.07,37.67,28.0,2932.0,739.0,1198.0,624.0,3.2417,210800.0
-117.65,33.42,25.0,2174.0,428.0,603.0,352.0,3.3967,249400.0
-118.26,33.97,47.0,1504.0,374.0,1168.0,358.0,1.4625,94200.0
-118.19,33.99,36.0,1273.0,379.0,1398.0,353.0,2.4516,147800.0
-122.04,36.97,49.0,792.0,136.0,331.0,137.0,5.2128,238600.0
-117.25,32.75,36.0,1929.0,526.0,974.0,491.0,1.7622,205800.0
-117.3,33.17,6.0,7880.0,1533.0,3760.0,1460.0,4.1807,182600.0
-117.27,32.83,35.0,1420.0,193.0,469.0,177.0,8.0639,500001.0
-117.82,33.77,32.0,2308.0,301.0,967.0,320.0,7.0565,324600.0
-118.24,33.95,21.0,1260.0,342.0,1167.0,310.0,0.9708,107600.0
-118.99,35.37,36.0,832.0,198.0,814.0,174.0,1.4773,57400.0
-120.44,34.97,26.0,1705.0,344.0,1605.0,307.0,3.7589,113700.0
-121.49,38.56,52.0,1844.0,392.0,667.0,353.0,3.0033,103500.0
-121.57,39.48,15.0,202.0,54.0,145.0,40.0,0.8252,42500.0
-119.59,36.11,32.0,752.0,159.0,524.0,155.0,2.25,50000.0
-118.31,34.06,34.0,2470.0,1197.0,2326.0,1055.0,1.9038,325000.0
-118.33,33.91,35.0,1092.0,302.0,962.0,297.0,3.5903,183300.0
-119.05,36.07,21.0,2472.0,523.0,1238.0,504.0,1.7756,62900.0
-118.23,34.13,48.0,737.0,166.0,462.0,131.0,3.5893,212500.0
-122.42,37.74,52.0,1271.0,353.0,1076.0,324.0,2.9911,263900.0
-121.91,36.98,16.0,1957.0,408.0,865.0,369.0,2.6875,233300.0
-119.12,35.33,4.0,8574.0,1489.0,4250.0,1444.0,5.1036,103400.0
-122.62,38.54,24.0,2409.0,464.0,1006.0,403.0,4.5167,265200.0
-117.66,33.61,17.0,3464.0,519.0,1713.0,530.0,6.0471,248400.0
-118.33,34.07,52.0,1482.0,171.0,531.0,161.0,15.0001,500001.0
-118.44,35.13,21.0,1899.0,447.0,1133.0,391.0,1.8636,67900.0
-116.94,34.4,20.0,6541.0,1401.0,2631.0,980.0,2.1339,78500.0
-118.25,34.17,52.0,1532.0,292.0,631.0,275.0,5.1242,372900.0
-118.52,34.32,18.0,7498.0,976.0,3189.0,955.0,8.1248,374000.0
-119.18,34.22,15.0,4615.0,1008.0,2549.0,973.0,3.9063,198700.0
-121.34,38.01,17.0,2033.0,452.0,1114.0,446.0,3.2872,175000.0
-118.34,34.08,52.0,1721.0,195.0,688.0,196.0,15.0001,500001.0
-122.18,37.73,44.0,548.0,119.0,435.0,136.0,2.1111,79700.0
-121.79,37.33,10.0,3283.0,550.0,2491.0,522.0,6.6633,283700.0
-117.82,33.68,3.0,7105.0,1459.0,3068.0,1241.0,6.1395,358000.0
-122.12,37.75,28.0,794.0,111.0,329.0,109.0,7.6923,329800.0
-122.16,37.74,44.0,1097.0,239.0,609.0,215.0,2.0227,103100.0
-117.22,34.12,34.0,2457.0,499.0,1538.0,507.0,2.809,82500.0
-118.21,34.12,52.0,1590.0,360.0,1127.0,321.0,3.4625,173900.0
-118.13,34.44,10.0,2726.0,465.0,1773.0,459.0,4.8295,319100.0
-118.59,34.22,17.0,6015.0,1464.0,3056.0,1347.0,4.0077,229000.0
-117.79,34.45,18.0,2986.0,597.0,1355.0,472.0,3.2765,165000.0
-118.44,34.02,32.0,2242.0,490.0,921.0,461.0,4.0429,500001.0
-119.18,34.23,16.0,4609.0,1220.0,2147.0,1007.0,3.375,218800.0
-122.43,37.8,52.0,1976.0,726.0,1045.0,669.0,3.6893,475000.0
-118.01,33.75,30.0,3380.0,722.0,2269.0,652.0,4.525,186000.0
-118.02,34.09,24.0,2080.0,514.0,1976.0,478.0,2.6917,170000.0
-118.25,33.98,37.0,1045.0,361.0,1666.0,337.0,1.7929,97200.0
-117.63,33.62,9.0,4257.0,785.0,1293.0,745.0,3.7139,196700.0
-121.92,36.56,39.0,2144.0,538.0,749.0,419.0,2.7039,364000.0
-120.45,34.95,7.0,1479.0,532.0,1057.0,459.0,2.2538,162500.0
-122.87,38.61,23.0,2676.0,521.0,1456.0,500.0,3.7361,173700.0
-117.9,33.65,24.0,4496.0,877.0,1928.0,855.0,4.6808,245500.0
-122.0,37.98,32.0,1013.0,169.0,436.0,173.0,5.1118,226900.0
-121.31,38.59,35.0,3295.0,560.0,1454.0,536.0,3.1711,101900.0
-122.71,38.33,13.0,4011.0,936.0,2064.0,914.0,3.6953,157600.0
-118.24,33.99,28.0,312.0,89.0,498.0,87.0,2.4107,96400.0
-122.36,40.57,31.0,431.0,90.0,231.0,78.0,2.184,77300.0
-117.32,33.17,18.0,2143.0,299.0,828.0,283.0,4.2383,239000.0
-117.5,34.04,5.0,3958.0,665.0,2456.0,666.0,5.1647,154700.0
-117.92,33.72,17.0,3318.0,502.0,1520.0,498.0,5.5501,274200.0
-118.12,34.18,44.0,2357.0,342.0,891.0,337.0,6.3467,352700.0
-122.1,37.66,35.0,686.0,142.0,480.0,149.0,3.875,162100.0
-121.99,36.98,40.0,1104.0,224.0,669.0,215.0,4.3409,256300.0
-122.21,37.82,52.0,2375.0,333.0,813.0,350.0,7.0549,331400.0
-121.99,38.26,18.0,921.0,126.0,368.0,120.0,6.0842,261100.0
-118.39,33.88,33.0,2543.0,439.0,1098.0,416.0,5.9683,495500.0
-118.08,33.97,36.0,1678.0,323.0,1380.0,352.0,3.5481,163300.0
-118.32,33.34,52.0,996.0,264.0,341.0,160.0,2.7361,450000.0
-118.28,33.94,43.0,1201.0,292.0,840.0,252.0,2.7917,105600.0
-118.04,34.09,34.0,2597.0,461.0,1542.0,470.0,4.6211,248900.0
-119.16,34.28,11.0,5330.0,1056.0,2801.0,1028.0,4.763,232700.0
-118.04,33.96,37.0,1948.0,395.0,1163.0,379.0,3.225,154000.0
-118.13,33.84,48.0,1895.0,294.0,881.0,293.0,6.3364,307400.0
-117.79,33.56,36.0,2057.0,329.0,658.0,309.0,7.866,500001.0
-118.07,33.87,18.0,3405.0,556.0,1945.0,509.0,5.7652,299100.0
-118.59,34.26,20.0,8146.0,1131.0,3562.0,1054.0,7.167,357100.0
-119.04,36.07,17.0,2623.0,659.0,1912.0,618.0,1.5893,52000.0
-119.01,35.33,42.0,1120.0,255.0,677.0,213.0,1.5429,39400.0
-119.77,36.81,28.0,1713.0,302.0,663.0,282.0,3.567,85500.0
-118.18,34.05,41.0,616.0,196.0,814.0,180.0,3.3333,115100.0
-119.87,36.93,13.0,1429.0,209.0,702.0,205.0,4.3625,111800.0
-117.93,33.61,27.0,1806.0,465.0,791.0,358.0,3.8125,366700.0
-118.56,34.21,13.0,8327.0,1849.0,4126.0,1773.0,3.7313,189800.0
-119.72,34.43,36.0,1156.0,309.0,521.0,304.0,2.6014,320600.0
-119.03,35.38,52.0,1695.0,290.0,540.0,260.0,2.7312,147100.0
-117.98,33.74,29.0,3443.0,635.0,2257.0,620.0,4.7404,207500.0
-119.78,36.72,22.0,354.0,121.0,530.0,115.0,2.1458,34400.0
-121.06,39.04,15.0,1999.0,287.0,585.0,246.0,5.5161,361900.0
-118.31,33.83,45.0,2929.0,755.0,1635.0,652.0,2.9375,273000.0
-117.07,32.69,28.0,1485.0,275.0,820.0,283.0,4.069,153300.0
-119.43,36.59,15.0,1371.0,306.0,1266.0,309.0,1.767,63300.0
-117.07,32.76,14.0,2523.0,545.0,1297.0,525.0,2.3886,138100.0
-121.07,38.9,52.0,1280.0,281.0,523.0,266.0,1.7375,122200.0
-117.39,34.12,7.0,5059.0,780.0,3253.0,801.0,4.9196,140500.0
-118.16,33.88,33.0,2180.0,522.0,1634.0,467.0,3.0114,167000.0
-119.25,34.3,34.0,1189.0,220.0,445.0,203.0,4.8824,396400.0
-118.02,33.95,36.0,1705.0,299.0,871.0,296.0,4.6184,179800.0
-118.31,33.94,43.0,2104.0,393.0,1132.0,394.0,3.0682,142000.0
-122.25,37.79,45.0,1786.0,526.0,1475.0,460.0,1.7772,97500.0
-122.81,38.08,19.0,1615.0,366.0,815.0,337.0,3.4609,238800.0
-121.97,38.34,11.0,1500.0,319.0,899.0,304.0,4.5568,127200.0
-118.07,33.88,17.0,2407.0,539.0,1422.0,524.0,4.2619,139700.0
-121.28,38.74,33.0,4384.0,778.0,1775.0,789.0,4.05,134700.0
-121.52,39.49,30.0,1217.0,238.0,677.0,233.0,2.6563,63600.0
-122.24,37.76,52.0,2646.0,581.0,1128.0,522.0,3.0718,266700.0
-118.36,34.19,11.0,2921.0,685.0,1512.0,664.0,4.1445,176400.0
-122.45,38.51,18.0,1297.0,337.0,610.0,312.0,1.9441,184400.0
-117.64,33.61,14.0,5232.0,810.0,3041.0,839.0,5.826,247900.0
-122.43,40.66,15.0,2532.0,458.0,1183.0,450.0,2.5417,92200.0
-118.31,34.03,29.0,2438.0,867.0,2114.0,753.0,0.8351,150000.0
-121.92,37.29,32.0,1260.0,199.0,560.0,207.0,6.5858,346700.0
-118.02,34.12,38.0,1778.0,288.0,870.0,281.0,6.5784,408500.0
-122.46,37.68,23.0,2812.0,769.0,1983.0,681.0,2.9413,229400.0
-117.81,34.01,12.0,9197.0,1642.0,4332.0,1554.0,4.9589,282100.0
-118.23,33.93,37.0,239.0,49.0,308.0,52.0,1.4028,105400.0
-118.24,34.15,7.0,2063.0,670.0,1892.0,643.0,1.7301,202300.0
-121.69,36.96,23.0,1229.0,254.0,687.0,232.0,5.1433,305600.0
-119.82,36.32,18.0,942.0,193.0,424.0,174.0,2.0673,87500.0
-122.04,37.63,33.0,952.0,172.0,369.0,159.0,3.2331,226700.0
-122.33,37.58,27.0,5144.0,1481.0,2518.0,1447.0,3.4836,287900.0
-118.95,34.16,21.0,2953.0,419.0,1397.0,410.0,6.541,291500.0
-118.43,34.02,38.0,2172.0,437.0,830.0,368.0,3.9091,500001.0
-120.74,39.9,23.0,1017.0,218.0,387.0,152.0,2.2656,88200.0
-118.18,34.02,35.0,661.0,142.0,720.0,143.0,2.8977,142500.0
-122.11,37.88,37.0,4005.0,614.0,1602.0,606.0,6.4666,348200.0
-118.45,34.03,45.0,727.0,168.0,520.0,175.0,2.6528,300000.0
-118.17,33.77,45.0,2143.0,697.0,1004.0,594.0,3.0153,220000.0
-117.08,32.7,37.0,2176.0,418.0,1301.0,375.0,2.875,98900.0
-116.18,33.69,17.0,89.0,19.0,79.0,21.0,2.375,155000.0
-117.28,34.12,47.0,2456.0,611.0,1653.0,512.0,1.3973,66100.0
-116.98,33.26,12.0,5898.0,1002.0,3129.0,945.0,4.7647,254100.0
-121.83,37.99,23.0,1970.0,296.0,935.0,279.0,4.4853,145900.0
-118.4,33.87,45.0,2093.0,497.0,842.0,472.0,6.3231,500001.0
-118.35,33.91,28.0,2108.0,534.0,1485.0,536.0,4.0775,241400.0
-117.39,34.11,16.0,1140.0,181.0,627.0,206.0,4.9444,132700.0
-118.19,33.99,35.0,1172.0,436.0,1741.0,408.0,2.4596,154700.0
-118.45,34.0,46.0,1777.0,362.0,896.0,334.0,4.45,348300.0
-120.48,37.3,39.0,1015.0,356.0,875.0,313.0,1.5,67000.0
-121.19,38.67,16.0,1754.0,284.0,773.0,277.0,4.817,147000.0
-119.66,36.3,18.0,1147.0,202.0,717.0,212.0,3.3681,70500.0
-120.84,37.47,11.0,2285.0,499.0,1468.0,471.0,2.7857,110300.0
-121.76,37.68,32.0,1078.0,207.0,555.0,197.0,3.1856,186900.0
-117.68,34.01,20.0,7326.0,1555.0,5718.0,1538.0,3.2073,123500.0
-121.27,38.71,16.0,4082.0,666.0,1912.0,652.0,4.4609,142900.0
-118.45,34.27,33.0,1194.0,229.0,839.0,230.0,3.705,185800.0
-121.94,37.24,26.0,2561.0,388.0,1165.0,393.0,7.3522,363800.0
-118.0,33.84,29.0,2641.0,637.0,2413.0,619.0,2.8169,165100.0
-117.71,33.47,17.0,2681.0,454.0,830.0,410.0,5.5507,345700.0
-119.25,36.27,23.0,1494.0,275.0,678.0,235.0,2.6875,69100.0
-122.11,37.71,36.0,4569.0,824.0,1950.0,819.0,4.65,206800.0
-121.48,38.56,44.0,1151.0,263.0,518.0,258.0,2.0089,113600.0
-118.13,33.83,45.0,3087.0,574.0,1474.0,567.0,5.5196,227600.0
-117.64,34.12,18.0,3605.0,534.0,1682.0,480.0,5.8407,202900.0
-120.18,39.17,18.0,1703.0,360.0,354.0,163.0,3.6563,146900.0
-116.95,33.76,10.0,6890.0,1702.0,3141.0,1451.0,1.7079,95900.0
-118.39,34.03,25.0,3442.0,1050.0,1890.0,914.0,3.0574,319400.0
-118.02,33.97,34.0,1903.0,293.0,887.0,306.0,6.148,313800.0
-122.54,37.74,42.0,2006.0,415.0,1230.0,435.0,4.1786,271100.0
-121.02,37.7,16.0,3476.0,650.0,2126.0,665.0,3.3438,125400.0
-118.36,33.92,26.0,3695.0,1144.0,2308.0,1009.0,2.6667,229300.0
-121.56,37.0,20.0,3976.0,953.0,3866.0,950.0,2.5387,160100.0
-121.29,38.13,20.0,3168.0,514.0,1390.0,490.0,5.0,154800.0
-119.23,34.15,18.0,6213.0,1188.0,2679.0,1000.0,3.748,380400.0
-122.18,37.77,52.0,1748.0,362.0,1029.0,366.0,2.0556,100000.0
-118.19,33.78,42.0,1021.0,300.0,533.0,187.0,1.8036,175000.0
-120.57,37.35,18.0,704.0,176.0,520.0,154.0,3.003,101300.0
-118.31,34.16,38.0,2347.0,665.0,1317.0,547.0,3.2112,349300.0
-119.29,36.32,27.0,1513.0,374.0,839.0,350.0,1.2012,64600.0
-121.92,37.36,42.0,198.0,32.0,158.0,32.0,3.1563,137500.0
-121.45,38.61,32.0,2436.0,612.0,1509.0,618.0,1.0424,81400.0
-115.75,35.23,5.0,208.0,78.0,132.0,56.0,2.5333,75000.0
-117.88,33.71,30.0,1739.0,359.0,1914.0,369.0,3.5551,185200.0
-118.01,33.94,35.0,1323.0,235.0,807.0,247.0,4.2708,174800.0
-117.62,34.08,24.0,2801.0,554.0,2064.0,529.0,4.4946,136000.0
-122.2,37.8,46.0,2041.0,405.0,1059.0,399.0,3.8487,203300.0
-119.45,36.59,28.0,1274.0,215.0,572.0,202.0,3.825,84200.0
-121.98,37.97,26.0,2714.0,390.0,1232.0,409.0,5.9617,231100.0
-119.83,36.54,31.0,1732.0,332.0,979.0,294.0,2.5208,60000.0
-121.2,38.66,17.0,1605.0,217.0,732.0,241.0,5.47,204800.0
-121.76,36.77,27.0,1608.0,503.0,2031.0,498.0,2.3384,121000.0
-119.01,35.37,45.0,629.0,143.0,568.0,139.0,1.7321,84400.0
-122.13,37.39,27.0,3385.0,427.0,1248.0,409.0,12.0372,500001.0
-117.36,33.98,33.0,2070.0,469.0,1851.0,467.0,2.4667,80700.0
-120.43,34.86,17.0,1932.0,347.0,874.0,312.0,3.8203,141500.0
-122.46,37.66,15.0,6082.0,1284.0,3861.0,1198.0,5.4221,284700.0
-120.99,38.67,8.0,4913.0,744.0,2005.0,723.0,5.4413,187900.0
-118.01,33.9,36.0,1382.0,257.0,685.0,255.0,5.125,211700.0
-122.49,37.69,35.0,2576.0,443.0,1273.0,433.0,4.7391,272800.0
-121.83,37.99,18.0,2741.0,449.0,1507.0,460.0,4.7566,142500.0
-118.19,33.82,11.0,872.0,203.0,422.0,221.0,4.6364,156300.0
-118.09,33.95,36.0,1991.0,396.0,1306.0,403.0,4.5,166600.0
-118.44,34.3,38.0,1595.0,314.0,1181.0,327.0,3.4,155500.0
-121.82,37.28,31.0,1340.0,235.0,1336.0,270.0,4.2361,179500.0
-120.95,37.57,29.0,1179.0,249.0,672.0,243.0,3.1125,154800.0
-117.09,32.64,38.0,2095.0,536.0,1240.0,550.0,2.7218,145900.0
-124.14,40.57,29.0,2864.0,600.0,1314.0,562.0,2.1354,75100.0
-122.21,37.47,43.0,733.0,162.0,497.0,175.0,3.2708,255300.0
-117.24,32.79,25.0,2135.0,691.0,566.0,320.0,2.6902,212500.0
-117.14,32.7,47.0,552.0,161.0,593.0,174.0,0.9589,90000.0
-122.23,37.45,34.0,4177.0,723.0,1586.0,660.0,5.0457,395100.0
-121.96,36.98,16.0,4907.0,1117.0,2265.0,1048.0,2.6757,229200.0
-117.15,32.77,16.0,2056.0,631.0,847.0,569.0,2.9576,92200.0
-121.4,38.55,19.0,2497.0,494.0,748.0,442.0,2.925,142400.0
-117.71,33.54,15.0,2460.0,368.0,962.0,320.0,7.3878,318300.0
-118.01,33.83,29.0,3963.0,772.0,2104.0,743.0,4.9803,208600.0
-119.89,36.64,34.0,1422.0,237.0,716.0,222.0,2.975,90000.0
-117.5,33.95,29.0,932.0,153.0,711.0,172.0,4.8214,143400.0
-118.22,33.97,47.0,1058.0,295.0,1097.0,274.0,2.881,183300.0
-118.08,34.13,39.0,788.0,128.0,413.0,139.0,5.9546,396700.0
-122.26,37.77,52.0,1210.0,168.0,411.0,172.0,3.3571,405400.0
-120.59,34.7,29.0,17738.0,3114.0,12427.0,2826.0,2.7377,28300.0
-122.48,37.78,44.0,3371.0,794.0,1738.0,753.0,3.1653,335300.0
-118.25,33.79,34.0,1349.0,371.0,1716.0,380.0,2.7143,138100.0
-122.72,38.44,52.0,1059.0,281.0,627.0,273.0,1.5357,137500.0
-121.89,37.38,3.0,4778.0,1047.0,2522.0,990.0,5.7695,271400.0
-118.75,34.1,34.0,2255.0,402.0,857.0,317.0,4.5333,377300.0
-122.23,40.57,18.0,1633.0,243.0,750.0,252.0,5.1585,150800.0
-118.07,34.16,39.0,1804.0,265.0,730.0,276.0,6.4761,397500.0
-117.96,33.79,36.0,2398.0,403.0,1261.0,402.0,5.2816,221800.0
-121.14,37.52,37.0,1358.0,231.0,586.0,214.0,3.1645,170800.0
-121.32,38.16,14.0,2049.0,398.0,1071.0,369.0,3.5,240800.0
-121.35,38.55,18.0,4481.0,780.0,2211.0,775.0,3.9934,123300.0
-118.42,34.04,52.0,1358.0,272.0,574.0,267.0,5.6454,500001.0
-118.84,34.15,17.0,3785.0,494.0,1527.0,507.0,8.4443,358500.0
-121.14,37.48,6.0,1772.0,332.0,1011.0,331.0,3.7045,128100.0
-120.46,34.63,48.0,1408.0,301.0,682.0,279.0,2.9271,146600.0
-121.38,38.59,36.0,1239.0,237.0,764.0,222.0,3.0156,103000.0
-122.08,37.63,31.0,767.0,171.0,548.0,185.0,3.7614,176000.0
-122.76,38.45,8.0,5823.0,1104.0,2864.0,1041.0,3.6292,183600.0
-121.47,38.49,17.0,3595.0,790.0,2760.0,770.0,2.3233,78800.0
-120.41,34.87,15.0,1534.0,251.0,761.0,240.0,4.9028,193600.0
-121.54,36.99,27.0,2361.0,449.0,1782.0,397.0,3.2614,305000.0
-122.66,38.48,21.0,2066.0,393.0,919.0,395.0,3.267,176200.0
-118.28,34.1,49.0,2843.0,880.0,2004.0,796.0,2.7875,217300.0
-122.75,38.48,4.0,6487.0,1112.0,2958.0,1131.0,4.5417,197400.0
-117.89,33.88,33.0,1582.0,256.0,771.0,240.0,5.3836,229600.0
-117.66,33.62,16.0,4065.0,661.0,1962.0,636.0,6.2177,256600.0
-118.18,34.06,45.0,934.0,228.0,893.0,192.0,2.53,140300.0
-123.48,40.79,15.0,619.0,160.0,287.0,104.0,1.9107,79200.0
-121.43,38.46,18.0,1378.0,235.0,818.0,262.0,4.0625,100300.0
-121.93,37.32,50.0,1135.0,215.0,500.0,207.0,4.2614,211300.0
-117.03,32.72,38.0,886.0,176.0,505.0,188.0,3.5938,125400.0
-121.37,39.03,32.0,1158.0,244.0,598.0,227.0,2.8235,65500.0
-118.31,34.05,38.0,1864.0,515.0,1768.0,439.0,1.9336,190600.0
-117.13,32.76,27.0,2280.0,695.0,1235.0,664.0,1.9392,142900.0
-122.4,40.57,23.0,1321.0,259.0,749.0,222.0,1.655,90100.0
-118.72,34.14,7.0,23866.0,4407.0,9873.0,4012.0,5.4032,318500.0
-121.44,38.57,52.0,3080.0,545.0,975.0,495.0,3.776,164500.0
-117.93,33.74,5.0,639.0,197.0,666.0,197.0,3.3017,87500.0
-117.43,33.99,18.0,3307.0,547.0,1738.0,457.0,4.566,116900.0
-119.08,37.78,17.0,1631.0,335.0,285.0,128.0,2.7656,130000.0
-117.86,33.62,17.0,2975.0,371.0,1247.0,398.0,10.1989,500001.0
-122.29,37.56,12.0,6474.0,1467.0,2516.0,1390.0,5.0353,305800.0
-117.96,33.82,29.0,2176.0,468.0,1632.0,428.0,3.707,180400.0
-122.3,37.88,52.0,409.0,97.0,208.0,98.0,1.6971,138800.0
-118.29,33.92,40.0,1935.0,461.0,1616.0,433.0,2.875,120200.0
-122.28,37.85,52.0,610.0,145.0,281.0,132.0,2.9018,119400.0
-122.08,37.3,30.0,2268.0,404.0,1197.0,372.0,7.0813,485300.0
-118.3,34.04,35.0,1090.0,345.0,1605.0,330.0,2.1518,152800.0
-120.36,38.21,10.0,4300.0,845.0,1480.0,609.0,2.8208,139900.0
-118.46,34.0,39.0,4098.0,1100.0,2054.0,1053.0,2.918,345600.0
-118.2,33.9,26.0,1000.0,275.0,1178.0,263.0,2.12,105000.0
-122.4,37.71,40.0,1883.0,397.0,1411.0,438.0,3.0469,238000.0
-117.97,33.73,26.0,1694.0,260.0,885.0,279.0,5.0875,224200.0
-121.47,38.61,35.0,1372.0,360.0,850.0,328.0,1.6331,67500.0
-120.98,37.62,26.0,3819.0,955.0,3010.0,932.0,1.9206,81300.0
-121.32,38.7,16.0,3592.0,642.0,1740.0,629.0,3.0703,126000.0
-117.13,34.07,34.0,2405.0,541.0,1342.0,514.0,2.8031,86900.0
-121.73,38.54,18.0,974.0,317.0,521.0,317.0,1.0633,137500.0
-118.41,34.04,52.0,2113.0,332.0,800.0,327.0,11.1768,500001.0
-121.69,36.8,19.0,2164.0,410.0,1309.0,426.0,3.338,185300.0
-117.4,34.0,31.0,1192.0,307.0,1013.0,283.0,2.0742,76200.0
-121.61,39.14,44.0,2035.0,476.0,1030.0,453.0,1.4661,65200.0
-123.23,39.13,33.0,1176.0,211.0,529.0,217.0,3.8958,144000.0
-116.9,32.84,18.0,4215.0,810.0,2104.0,773.0,4.0873,146900.0
-117.11,32.71,30.0,1729.0,457.0,1673.0,460.0,1.7,85900.0
-118.06,34.09,38.0,2036.0,388.0,1096.0,371.0,4.0625,262500.0
-122.21,37.48,39.0,1535.0,340.0,1204.0,370.0,2.8482,247200.0
-118.36,33.86,37.0,1768.0,314.0,802.0,290.0,5.0784,295900.0
-120.42,34.89,24.0,2020.0,307.0,855.0,283.0,5.0099,162500.0
-119.66,36.32,24.0,2652.0,568.0,1532.0,445.0,2.3256,56800.0
-121.99,37.55,28.0,2414.0,415.0,1106.0,453.0,4.8403,268600.0
-118.27,33.98,45.0,1696.0,424.0,1502.0,429.0,1.3042,99200.0
-122.44,37.76,50.0,2589.0,569.0,945.0,544.0,5.2519,376600.0
-118.39,34.2,17.0,2594.0,1028.0,3950.0,973.0,2.0348,177200.0
-118.28,34.04,48.0,1521.0,513.0,1772.0,458.0,2.2232,162500.0
-117.9,33.99,18.0,8076.0,1789.0,5325.0,1707.0,3.443,171900.0
-122.26,37.83,52.0,1665.0,419.0,946.0,395.0,2.0978,155400.0
-118.51,34.2,34.0,2871.0,581.0,1350.0,535.0,3.7049,227500.0
-121.27,37.95,43.0,557.0,165.0,573.0,144.0,1.7212,59000.0
-118.18,33.79,42.0,1571.0,435.0,1631.0,417.0,1.6384,128000.0
-121.41,38.6,16.0,5407.0,1467.0,2523.0,1265.0,2.0471,104200.0
-122.25,37.48,37.0,3507.0,569.0,1663.0,608.0,5.0863,440300.0
-117.9,34.53,8.0,3484.0,647.0,2169.0,619.0,3.9766,135800.0
-118.86,34.19,29.0,1326.0,185.0,586.0,187.0,6.5474,422900.0
-118.05,33.86,16.0,2851.0,626.0,1985.0,603.0,5.4089,265600.0
-122.83,38.39,19.0,1765.0,394.0,868.0,388.0,2.462,260300.0
-117.06,33.09,11.0,7483.0,1276.0,3516.0,1261.0,4.0484,262500.0
-117.05,32.63,31.0,4911.0,861.0,2334.0,843.0,4.1958,160100.0
-117.06,32.68,38.0,1481.0,317.0,1080.0,291.0,2.85,125800.0
-117.0,32.76,31.0,2545.0,373.0,956.0,342.0,4.3977,226800.0
-117.31,34.43,16.0,5130.0,1172.0,3126.0,1046.0,1.6784,71900.0
-117.1,32.58,23.0,1662.0,377.0,1318.0,386.0,2.3,120800.0
-117.87,33.81,15.0,3082.0,536.0,1268.0,531.0,3.7604,280100.0
-117.08,33.11,31.0,1356.0,324.0,1301.0,331.0,2.5331,115100.0
-118.45,37.7,15.0,2199.0,453.0,899.0,347.0,2.35,107800.0
-122.43,37.79,52.0,6186.0,1566.0,2065.0,1374.0,5.8543,500001.0
-117.11,32.8,17.0,3890.0,586.0,2791.0,595.0,3.2197,67500.0
-122.26,37.81,34.0,5871.0,1914.0,2689.0,1789.0,2.8406,335700.0
-118.28,34.09,49.0,3828.0,1197.0,2862.0,1009.0,2.4677,219200.0
-124.08,41.36,29.0,1029.0,239.0,509.0,196.0,2.0156,62800.0
-117.07,32.63,37.0,2303.0,379.0,1026.0,357.0,3.455,156900.0
-121.33,38.03,10.0,629.0,140.0,635.0,146.0,2.2961,126700.0
-116.87,33.93,32.0,3141.0,812.0,2589.0,721.0,1.4556,54600.0
-118.11,33.75,15.0,2569.0,812.0,785.0,477.0,5.4011,346400.0
-118.02,34.06,26.0,2929.0,970.0,3792.0,817.0,2.2577,173800.0
-122.4,37.75,52.0,1182.0,307.0,1029.0,306.0,2.0577,214600.0
-118.3,34.01,52.0,1908.0,428.0,1271.0,394.0,2.5885,136200.0
-118.16,33.85,36.0,2668.0,473.0,1315.0,478.0,4.0714,215600.0
-117.06,34.0,33.0,1575.0,326.0,879.0,282.0,2.5357,94400.0
-122.55,38.42,24.0,2220.0,411.0,894.0,365.0,4.2891,211700.0
-124.07,40.87,31.0,334.0,134.0,780.0,130.0,0.7684,153100.0
-117.94,34.08,32.0,2704.0,514.0,1669.0,497.0,4.4653,195400.0
-120.79,36.06,29.0,1916.0,386.0,1019.0,314.0,2.4881,87500.0
-121.29,37.96,50.0,1669.0,558.0,1340.0,484.0,1.3191,92300.0
-117.94,33.86,35.0,2127.0,417.0,1247.0,378.0,4.75,185600.0
-117.82,33.72,24.0,3260.0,458.0,1383.0,442.0,6.5987,272800.0
-117.86,33.71,36.0,191.0,42.0,208.0,37.0,3.375,157500.0
-122.32,38.33,17.0,851.0,118.0,370.0,123.0,5.0877,209300.0
-118.18,34.03,39.0,609.0,145.0,690.0,134.0,2.9167,145800.0
-122.25,37.47,35.0,3183.0,515.0,1313.0,487.0,5.9062,383200.0
-121.92,37.48,23.0,4314.0,676.0,1972.0,623.0,5.3813,264400.0
-118.14,34.68,25.0,1703.0,342.0,775.0,309.0,4.5455,126500.0
-118.14,34.08,24.0,3988.0,1098.0,2909.0,1034.0,2.7036,170000.0
-122.11,37.4,16.0,1994.0,489.0,1173.0,472.0,4.1875,266400.0
-119.24,36.8,17.0,2052.0,405.0,975.0,340.0,2.6902,94400.0
-117.95,33.82,29.0,2929.0,640.0,1618.0,584.0,3.6875,213200.0
-118.34,34.15,40.0,3068.0,756.0,1190.0,695.0,3.5637,497400.0
-121.46,38.7,32.0,965.0,183.0,568.0,188.0,3.8611,93900.0
-122.1,37.72,30.0,2599.0,366.0,922.0,350.0,5.8382,330200.0
-117.93,33.62,34.0,2125.0,498.0,1052.0,468.0,5.6315,484600.0
-117.87,33.6,35.0,1598.0,398.0,782.0,411.0,5.1155,500000.0
-118.15,34.04,44.0,647.0,142.0,457.0,143.0,3.6875,162500.0
-118.46,34.06,20.0,5448.0,1532.0,2202.0,1442.0,4.2554,500001.0
-117.23,34.12,6.0,4464.0,1093.0,2364.0,952.0,2.3848,81600.0
-118.32,34.11,42.0,2462.0,543.0,857.0,482.0,4.0833,434400.0
-117.25,34.07,21.0,3067.0,706.0,2140.0,687.0,2.4432,78800.0
-120.66,35.29,23.0,1932.0,487.0,1380.0,472.0,1.9647,253600.0
-120.58,37.36,33.0,3564.0,716.0,2603.0,696.0,2.2179,67500.0
-117.06,32.6,24.0,1088.0,268.0,1095.0,246.0,2.4191,107300.0
-119.92,38.91,15.0,3831.0,625.0,984.0,328.0,5.0718,162500.0
-122.18,37.45,37.0,5257.0,1360.0,2128.0,1264.0,4.0,394300.0
-122.73,38.44,35.0,1120.0,297.0,659.0,274.0,2.3824,145000.0
-122.42,37.8,52.0,4985.0,1355.0,1848.0,1255.0,4.9211,500001.0
-117.05,32.75,35.0,2144.0,388.0,1003.0,383.0,3.0938,137300.0
-119.32,36.3,15.0,2864.0,571.0,1480.0,475.0,2.9698,93400.0
-118.08,33.86,17.0,2259.0,383.0,1378.0,386.0,5.8733,287000.0
-122.56,38.03,34.0,1887.0,290.0,815.0,283.0,6.5249,324800.0
-117.07,32.57,17.0,2961.0,634.0,1911.0,615.0,2.5859,131400.0
-122.5,37.75,44.0,1739.0,343.0,872.0,330.0,2.9632,286300.0
-122.3,37.56,35.0,1873.0,351.0,945.0,333.0,5.5184,274800.0
-118.39,34.19,36.0,904.0,191.0,627.0,191.0,2.4167,192900.0
-118.25,34.07,16.0,719.0,225.0,801.0,218.0,2.3942,133300.0
-122.46,37.74,52.0,2053.0,281.0,791.0,287.0,10.959,500001.0
-122.41,37.71,49.0,1852.0,429.0,1615.0,447.0,3.495,217800.0
-118.37,33.97,41.0,1833.0,355.0,847.0,348.0,5.726,287800.0
-121.59,39.14,41.0,1492.0,350.0,804.0,353.0,1.684,71300.0
-120.42,40.38,26.0,1652.0,313.0,762.0,280.0,2.4757,85600.0
-121.73,37.68,17.0,20354.0,3493.0,8768.0,3293.0,5.4496,238900.0
-122.44,37.77,52.0,2994.0,736.0,1428.0,700.0,3.0766,438900.0
-121.86,37.41,16.0,2411.0,420.0,1671.0,442.0,6.5004,263600.0
-122.04,36.96,42.0,538.0,107.0,200.0,104.0,2.1667,196400.0
-117.71,33.58,2.0,2530.0,562.0,1066.0,510.0,4.6336,187500.0
-122.74,38.45,17.0,3064.0,588.0,1704.0,590.0,3.9329,170900.0
-119.22,34.18,17.0,3332.0,762.0,1797.0,673.0,4.4292,231200.0
-116.42,33.76,14.0,16921.0,2837.0,2524.0,1262.0,7.6281,341700.0
-118.47,34.19,33.0,3879.0,943.0,2113.0,843.0,3.892,292900.0
-118.13,34.2,45.0,1213.0,206.0,529.0,231.0,5.6629,234000.0
-118.15,33.77,39.0,2428.0,634.0,1312.0,612.0,2.7212,266300.0
-118.04,33.85,24.0,2233.0,347.0,1162.0,355.0,5.6094,279200.0
-121.99,37.26,17.0,4034.0,611.0,1158.0,560.0,8.2069,442500.0
-118.13,33.78,45.0,1016.0,172.0,361.0,163.0,7.5,434500.0
-118.36,33.95,42.0,2532.0,627.0,2038.0,591.0,2.875,177500.0
-120.57,34.96,38.0,1145.0,297.0,1107.0,296.0,2.1776,89100.0
-118.15,34.16,18.0,1711.0,383.0,1474.0,415.0,1.2891,181300.0
-118.06,34.12,25.0,3891.0,848.0,1848.0,759.0,3.6639,248100.0
-117.28,34.11,39.0,1573.0,418.0,1258.0,359.0,1.4896,69500.0
-118.76,34.26,26.0,1929.0,293.0,1067.0,320.0,5.4038,222100.0
-118.1,33.91,35.0,1653.0,325.0,1072.0,301.0,3.2708,159700.0
-122.26,37.55,17.0,1321.0,425.0,683.0,408.0,4.7045,500001.0
-118.2,33.94,43.0,1934.0,511.0,1895.0,493.0,2.5029,159700.0
-122.13,39.74,20.0,1401.0,280.0,668.0,250.0,2.2569,94300.0
-117.44,34.45,6.0,6068.0,1137.0,3094.0,947.0,3.5167,130900.0
-117.24,34.04,4.0,4289.0,682.0,1981.0,705.0,5.3366,165100.0
-121.31,37.98,47.0,3386.0,663.0,1228.0,619.0,3.0625,141500.0
-121.01,37.62,35.0,568.0,150.0,622.0,145.0,1.8167,79500.0
-122.33,38.0,35.0,3779.0,711.0,2493.0,679.0,2.9781,109000.0
-122.49,37.75,52.0,2226.0,385.0,1177.0,416.0,4.8516,323800.0
-122.29,38.19,13.0,7065.0,1259.0,3864.0,1221.0,4.7472,148600.0
-122.08,37.97,9.0,2643.0,439.0,1105.0,467.0,6.6579,245200.0
-122.23,38.11,47.0,3007.0,524.0,1152.0,486.0,4.0,141500.0
-118.23,33.88,41.0,1941.0,367.0,1204.0,323.0,3.0417,113700.0
-119.77,36.73,45.0,1081.0,241.0,821.0,230.0,1.7829,52600.0
-118.17,34.05,39.0,962.0,229.0,999.0,221.0,3.375,126000.0
-118.14,33.79,23.0,2573.0,688.0,1478.0,604.0,3.4833,209400.0
-118.04,34.12,44.0,2007.0,288.0,921.0,307.0,6.5989,500001.0
-121.42,38.64,42.0,1720.0,382.0,1069.0,362.0,1.8611,60500.0
-117.66,34.08,33.0,3659.0,590.0,1773.0,615.0,3.9227,157200.0
-121.2,38.02,44.0,608.0,108.0,287.0,83.0,3.3882,125000.0
-118.61,34.21,33.0,2609.0,431.0,1208.0,406.0,5.4527,227100.0
-117.3,33.26,23.0,1678.0,275.0,1227.0,264.0,4.1713,133800.0
-118.31,33.81,23.0,3942.0,748.0,1679.0,711.0,4.1169,362600.0
-117.67,33.49,15.0,2782.0,579.0,983.0,525.0,2.1935,183300.0
-121.02,39.25,52.0,1549.0,275.0,604.0,249.0,2.2278,155400.0
-117.88,33.76,17.0,1768.0,474.0,1079.0,436.0,1.7823,205300.0
-118.31,34.0,47.0,1551.0,362.0,1329.0,322.0,1.9792,116400.0
-121.76,36.92,20.0,2687.0,637.0,2154.0,610.0,2.6434,169700.0
-117.89,33.84,35.0,3315.0,744.0,2425.0,687.0,3.5521,182800.0
-117.97,33.88,16.0,2003.0,300.0,1172.0,318.0,6.0394,321600.0
-118.29,33.95,31.0,2839.0,792.0,2390.0,729.0,2.0,109800.0
-118.46,34.3,32.0,2424.0,476.0,2291.0,419.0,4.0337,158500.0
-118.04,34.13,22.0,3359.0,643.0,1227.0,588.0,4.645,276200.0
-118.3,33.92,34.0,2053.0,382.0,1258.0,380.0,3.0139,154700.0
-118.35,33.84,22.0,13133.0,3680.0,7180.0,3522.0,3.5414,354700.0
-122.22,37.79,44.0,1487.0,314.0,961.0,272.0,3.5156,109500.0
-121.63,36.68,24.0,2591.0,739.0,3243.0,702.0,2.1766,108500.0
-118.35,33.93,31.0,2746.0,697.0,1973.0,598.0,3.5139,192800.0
-118.41,34.2,32.0,2734.0,654.0,2209.0,610.0,3.5164,217200.0
-118.26,34.17,20.0,5949.0,1417.0,2593.0,1337.0,3.8576,318600.0
-122.03,37.38,21.0,2667.0,798.0,1433.0,727.0,3.8732,252400.0
-122.41,37.72,32.0,1650.0,316.0,904.0,295.0,4.0583,236200.0
-118.67,34.27,15.0,3221.0,659.0,1390.0,607.0,3.5313,191800.0
-117.93,33.72,17.0,4461.0,585.0,2095.0,580.0,7.6709,319500.0
-119.27,35.49,39.0,2649.0,572.0,1815.0,547.0,2.3533,65400.0
-117.1,33.56,6.0,1868.0,289.0,750.0,247.0,4.3833,307600.0
-120.65,36.98,26.0,1787.0,364.0,1548.0,362.0,1.7188,49500.0
-117.22,33.31,12.0,2924.0,433.0,1193.0,394.0,6.2475,331300.0
-120.43,34.89,30.0,1979.0,342.0,999.0,320.0,5.0286,158000.0
-118.38,33.81,36.0,1018.0,148.0,329.0,169.0,10.5045,500001.0
-117.95,33.77,38.0,1476.0,308.0,1114.0,309.0,4.1917,181800.0
-122.2,37.4,37.0,1296.0,194.0,540.0,192.0,8.2782,500001.0
-118.43,33.86,34.0,358.0,87.0,162.0,84.0,7.1264,500001.0
-121.87,37.23,19.0,7357.0,963.0,3018.0,981.0,6.9473,361400.0
-118.32,33.87,28.0,3763.0,762.0,1967.0,724.0,5.3244,271900.0
-118.44,34.22,41.0,1582.0,399.0,1159.0,378.0,2.825,168600.0
-118.13,33.96,38.0,1040.0,202.0,557.0,228.0,4.0,254700.0
-117.18,32.76,52.0,2023.0,301.0,649.0,285.0,4.7396,441700.0
-123.01,38.8,21.0,360.0,96.0,131.0,74.0,3.5156,133300.0
-121.29,37.89,26.0,161.0,27.0,1542.0,30.0,5.7485,162500.0
-118.42,34.08,48.0,2413.0,261.0,770.0,248.0,15.0001,500001.0
-122.84,38.4,15.0,3080.0,617.0,1446.0,599.0,3.6696,194400.0
-118.3,34.03,40.0,1695.0,374.0,1138.0,357.0,2.7125,150000.0
-121.19,38.04,35.0,703.0,117.0,290.0,107.0,3.225,177100.0
-118.38,34.17,33.0,1588.0,454.0,739.0,392.0,2.8208,238500.0
-121.59,39.86,14.0,1527.0,269.0,665.0,261.0,2.8657,119600.0
-118.45,34.12,20.0,10722.0,1617.0,3731.0,1511.0,9.7449,500001.0
-122.04,37.58,14.0,14917.0,2708.0,8012.0,2606.0,5.6277,269800.0
-118.85,34.2,28.0,2040.0,297.0,848.0,280.0,6.7612,323700.0
-117.9,34.14,29.0,2240.0,457.0,1187.0,407.0,3.8365,184200.0
-117.61,33.63,2.0,4678.0,817.0,1970.0,712.0,6.1078,219000.0
-122.15,37.74,43.0,1383.0,275.0,853.0,272.0,3.5083,122000.0
-117.1,32.56,16.0,2687.0,501.0,1502.0,480.0,3.75,146800.0
-117.89,33.89,17.0,1671.0,192.0,678.0,206.0,13.1107,467600.0
-122.01,39.74,20.0,2332.0,518.0,1856.0,495.0,2.1746,58700.0
-121.31,38.61,17.0,992.0,151.0,316.0,159.0,6.6238,326700.0
-118.43,34.21,17.0,3667.0,1209.0,2636.0,1054.0,2.425,175500.0
-117.94,33.88,35.0,1694.0,296.0,679.0,282.0,4.3333,239300.0
-121.92,36.62,52.0,974.0,190.0,403.0,181.0,4.3281,236500.0
-117.01,32.77,34.0,3330.0,723.0,1592.0,656.0,2.6678,164200.0
-118.14,33.91,37.0,932.0,171.0,578.0,175.0,4.375,177600.0
-119.08,36.2,30.0,1677.0,358.0,1159.0,365.0,2.4554,61200.0
-118.41,34.25,33.0,827.0,192.0,981.0,184.0,2.6429,143100.0
-118.19,34.04,40.0,1095.0,305.0,1322.0,281.0,1.9688,150000.0
-121.86,38.0,4.0,4075.0,927.0,2239.0,849.0,3.5857,165200.0
-118.4,34.16,35.0,1354.0,284.0,501.0,262.0,3.8056,384700.0
-120.5,37.32,13.0,1936.0,384.0,1158.0,367.0,2.75,83200.0
-122.35,37.93,28.0,1995.0,488.0,1182.0,439.0,2.3352,84300.0
-116.37,33.72,19.0,6190.0,1355.0,2242.0,1043.0,3.0021,152300.0
-122.32,40.57,15.0,2524.0,449.0,1374.0,467.0,3.3816,93800.0
-118.29,34.18,36.0,3120.0,620.0,1441.0,612.0,3.9041,320400.0
-118.39,33.89,40.0,826.0,143.0,389.0,147.0,7.1845,438100.0
-121.91,37.34,35.0,2189.0,607.0,1193.0,562.0,2.8042,240900.0
-122.27,37.8,52.0,249.0,78.0,396.0,85.0,1.2434,500001.0
-118.63,34.24,9.0,4759.0,924.0,1884.0,915.0,4.8333,277200.0
-122.42,37.67,42.0,2274.0,429.0,1255.0,397.0,5.1205,226300.0
-117.96,33.82,19.0,1199.0,251.0,730.0,276.0,3.6422,209400.0
-118.07,33.89,29.0,1138.0,217.0,964.0,222.0,4.537,185300.0
-122.63,38.26,7.0,7808.0,1390.0,3551.0,1392.0,4.6069,202300.0
-118.03,33.81,26.0,3635.0,567.0,1779.0,543.0,5.7089,237400.0
-118.07,34.08,37.0,1210.0,252.0,733.0,243.0,2.806,214600.0
-118.27,33.96,38.0,977.0,295.0,1073.0,292.0,1.0208,86400.0
-117.84,33.8,35.0,1490.0,251.0,629.0,257.0,4.3661,222100.0
-119.87,36.76,34.0,1649.0,323.0,919.0,316.0,2.875,74500.0
-122.25,37.84,52.0,3104.0,687.0,1157.0,647.0,3.12,241400.0
-118.31,34.1,34.0,399.0,141.0,482.0,134.0,1.625,67500.0
-118.28,33.79,28.0,1895.0,420.0,1422.0,389.0,4.3816,191300.0
-120.24,38.01,11.0,1214.0,228.0,633.0,199.0,3.125,148600.0
-118.25,33.97,32.0,879.0,257.0,1057.0,230.0,1.6776,114800.0
-122.85,39.0,20.0,1580.0,318.0,753.0,252.0,1.8704,88500.0
-121.23,37.95,32.0,2081.0,472.0,1342.0,411.0,2.7958,59000.0
-118.0,33.93,24.0,4534.0,967.0,2547.0,895.0,3.9575,215400.0
-117.2,34.14,18.0,1920.0,333.0,890.0,323.0,5.159,144800.0
-118.26,34.07,30.0,929.0,238.0,763.0,214.0,2.5227,187500.0
-117.98,33.72,24.0,2826.0,547.0,1738.0,546.0,6.0494,240400.0
-122.0,37.3,29.0,3429.0,524.0,1518.0,520.0,7.218,400700.0
-118.0,33.83,24.0,2578.0,580.0,1217.0,529.0,2.2401,212500.0
-122.21,37.43,20.0,975.0,134.0,324.0,146.0,9.7796,500001.0
-117.28,33.2,11.0,1472.0,261.0,1012.0,285.0,4.21,175600.0
-117.21,34.28,16.0,3326.0,569.0,527.0,192.0,5.7421,167600.0
-116.95,32.78,20.0,3425.0,448.0,1489.0,443.0,6.2552,296400.0
-117.21,33.17,16.0,1787.0,361.0,1446.0,362.0,3.75,163800.0
-122.0,37.27,33.0,1664.0,271.0,759.0,272.0,5.7876,415800.0
-118.08,33.89,35.0,1071.0,290.0,1412.0,274.0,3.1917,114900.0
-117.25,32.73,39.0,1688.0,256.0,635.0,272.0,4.5938,367400.0
-118.39,34.03,28.0,1722.0,536.0,1161.0,481.0,3.2228,232500.0
-118.3,34.16,40.0,1875.0,460.0,869.0,438.0,3.2321,243600.0
-121.87,37.4,16.0,1767.0,268.0,1061.0,280.0,6.9584,351600.0
-118.21,34.07,31.0,1453.0,404.0,1486.0,389.0,2.3859,153100.0
-121.92,38.37,26.0,2056.0,413.0,933.0,367.0,2.7051,193800.0
-118.26,34.13,25.0,3208.0,1111.0,2843.0,1005.0,2.6673,218100.0
-117.76,34.05,36.0,2910.0,819.0,3055.0,782.0,1.9029,98000.0
-121.51,38.54,34.0,2815.0,479.0,1075.0,471.0,3.9792,164800.0
-122.69,38.36,6.0,5496.0,1374.0,2502.0,1189.0,2.4827,177500.0
-122.23,37.78,52.0,986.0,258.0,1008.0,255.0,1.4844,119400.0
-118.23,34.15,26.0,1649.0,522.0,1332.0,483.0,3.1004,257100.0
-122.24,37.76,52.0,2567.0,436.0,1119.0,415.0,4.6094,229300.0
-122.0,37.54,26.0,1910.0,371.0,852.0,357.0,5.8325,298900.0
-119.24,34.28,41.0,1280.0,240.0,608.0,252.0,4.4038,229100.0
-121.26,37.99,27.0,429.0,102.0,179.0,90.0,2.3333,87500.0
-121.06,39.04,14.0,1651.0,279.0,633.0,261.0,4.2802,194800.0
-117.62,34.08,30.0,1372.0,235.0,1047.0,225.0,3.1597,116300.0
-122.08,37.92,28.0,2377.0,469.0,1068.0,435.0,4.4561,250000.0
-121.61,39.52,24.0,1610.0,324.0,909.0,323.0,1.8661,59800.0
-119.83,36.8,16.0,6101.0,1200.0,3407.0,1134.0,3.125,80800.0
-117.83,33.77,26.0,4931.0,853.0,2249.0,818.0,4.275,285400.0
-117.34,34.51,6.0,5667.0,1385.0,2447.0,1199.0,2.3617,103100.0
-118.29,34.03,38.0,1501.0,437.0,1777.0,441.0,2.0848,135200.0
-118.41,34.03,24.0,3711.0,1192.0,1764.0,1147.0,3.1642,366700.0
-121.32,38.54,13.0,4715.0,1090.0,2420.0,1059.0,2.9693,104400.0
-119.75,36.83,15.0,2793.0,436.0,1411.0,441.0,4.9292,109400.0
-122.08,37.24,21.0,427.0,63.0,182.0,70.0,11.3283,500001.0
-122.24,37.81,52.0,2093.0,550.0,918.0,483.0,2.7477,243800.0
-116.42,33.68,15.0,3895.0,782.0,900.0,529.0,2.2208,138300.0
-120.97,37.67,16.0,1499.0,250.0,1292.0,271.0,4.3851,117300.0
-118.1,33.9,35.0,1151.0,248.0,809.0,246.0,4.7813,160000.0
-122.23,37.76,52.0,3011.0,542.0,1303.0,535.0,5.1039,273800.0
-118.12,33.8,36.0,1257.0,205.0,530.0,211.0,5.3701,251400.0
-122.24,37.77,52.0,1711.0,386.0,885.0,373.0,3.6417,206300.0
-122.29,37.81,49.0,844.0,204.0,560.0,152.0,1.75,75000.0
-122.19,40.2,30.0,2750.0,476.0,1296.0,464.0,3.5305,73600.0
-117.23,32.75,21.0,2050.0,608.0,1131.0,550.0,2.4779,165000.0
-121.29,38.03,16.0,4356.0,881.0,1629.0,818.0,2.2672,91100.0
-118.44,34.18,35.0,972.0,270.0,550.0,256.0,2.2461,215000.0
-121.48,38.56,52.0,814.0,216.0,327.0,181.0,2.8542,125000.0
-118.94,34.18,24.0,3689.0,585.0,1898.0,581.0,5.9224,239400.0
-118.46,34.19,35.0,1491.0,295.0,779.0,309.0,6.1142,256300.0
-117.66,35.63,33.0,2579.0,564.0,1155.0,431.0,2.0441,42100.0
-122.27,37.85,52.0,335.0,83.0,152.0,77.0,2.2841,106300.0
-122.3,37.98,25.0,3807.0,806.0,1821.0,792.0,3.6518,164300.0
-118.83,35.2,17.0,1959.0,484.0,1763.0,453.0,2.1357,53500.0
-124.23,41.75,11.0,3159.0,616.0,1343.0,479.0,2.4805,73200.0
-117.13,32.9,15.0,2785.0,644.0,1798.0,630.0,3.7156,175200.0
-118.97,35.38,32.0,1361.0,363.0,1483.0,297.0,1.625,46800.0
-122.07,37.7,32.0,3400.0,736.0,1487.0,694.0,3.0,223200.0
-118.15,33.93,30.0,3096.0,628.0,1676.0,587.0,4.6583,207300.0
-122.04,36.95,36.0,1862.0,364.0,1080.0,364.0,4.4567,263800.0
-117.11,32.67,52.0,204.0,74.0,248.0,57.0,1.7961,47500.0
-121.36,38.02,5.0,2229.0,543.0,1010.0,474.0,4.1719,206100.0
-118.26,34.0,37.0,2615.0,697.0,2484.0,630.0,1.9208,103400.0
-117.98,33.7,17.0,1989.0,411.0,1401.0,453.0,4.1603,160500.0
-118.31,34.17,12.0,3188.0,931.0,2118.0,850.0,3.1823,218300.0
-118.12,34.6,33.0,2189.0,497.0,1459.0,443.0,2.3958,94500.0
-118.25,34.15,20.0,3960.0,1027.0,1729.0,978.0,3.0441,193800.0
-120.37,40.17,21.0,789.0,141.0,406.0,146.0,2.1198,73500.0
-122.41,37.74,43.0,1663.0,330.0,935.0,335.0,4.1552,240900.0
-121.89,37.67,19.0,2034.0,288.0,852.0,295.0,6.5285,300400.0
-120.91,37.57,26.0,3396.0,705.0,2446.0,694.0,2.0521,65400.0
-118.35,34.16,49.0,1305.0,228.0,584.0,255.0,5.636,267900.0
-121.28,38.03,11.0,3585.0,729.0,2769.0,715.0,3.0907,94100.0
-118.38,34.05,52.0,1004.0,231.0,590.0,226.0,4.2404,351000.0
-119.39,36.54,34.0,1590.0,422.0,1272.0,407.0,1.8068,59000.0
-118.59,34.18,7.0,11853.0,2691.0,4404.0,2447.0,4.2009,271300.0
-122.7,38.99,18.0,1177.0,224.0,181.0,105.0,2.3558,134700.0
-118.03,34.06,31.0,1513.0,389.0,1396.0,364.0,2.4706,170600.0
-118.32,33.93,37.0,2379.0,462.0,1327.0,445.0,4.25,172100.0
-121.39,38.57,33.0,2648.0,357.0,863.0,359.0,8.4016,338700.0
-121.88,37.26,13.0,1893.0,487.0,1018.0,464.0,3.8047,204700.0
-120.99,39.13,14.0,770.0,116.0,285.0,116.0,3.6434,155400.0
-118.6,34.21,21.0,9512.0,2560.0,7282.0,2387.0,2.8039,227500.0
-122.02,37.99,37.0,2247.0,416.0,1237.0,397.0,4.45,161900.0
-124.09,40.92,12.0,2497.0,491.0,1153.0,462.0,2.8182,126900.0
-121.34,38.03,20.0,4213.0,751.0,2071.0,714.0,4.4063,130800.0
-118.54,34.06,21.0,3755.0,525.0,1493.0,526.0,11.4233,500001.0
-122.26,41.66,17.0,1885.0,350.0,953.0,328.0,2.1607,61400.0
-122.33,37.58,28.0,2784.0,736.0,1534.0,685.0,3.38,285400.0
-117.96,33.81,34.0,1941.0,356.0,1021.0,339.0,4.4663,183900.0
-118.66,34.18,25.0,6612.0,857.0,2519.0,843.0,8.3912,419000.0
-118.07,33.91,29.0,2387.0,570.0,1978.0,548.0,3.1957,159200.0
-121.27,37.96,43.0,1624.0,448.0,1805.0,440.0,1.425,61300.0
-117.87,33.78,19.0,2813.0,567.0,1334.0,596.0,4.7208,173500.0
-118.2,33.78,52.0,2662.0,893.0,3018.0,763.0,2.3305,162500.0
-120.8,35.33,20.0,2200.0,393.0,996.0,365.0,3.587,330000.0
-122.16,37.47,33.0,3687.0,852.0,3091.0,852.0,2.6506,162600.0
-121.94,36.98,24.0,3010.0,562.0,1360.0,504.0,4.2006,290700.0
-119.34,36.2,12.0,1632.0,378.0,1303.0,315.0,2.0333,54400.0
-119.76,36.76,23.0,3800.0,1003.0,3786.0,917.0,1.4766,50600.0
-121.95,37.35,36.0,832.0,211.0,545.0,211.0,3.2813,244400.0
-118.1,33.93,33.0,1474.0,325.0,1205.0,335.0,3.1397,166800.0
-121.32,38.57,25.0,692.0,146.0,504.0,167.0,3.6897,101100.0
-117.95,33.74,16.0,2768.0,600.0,1182.0,563.0,3.7162,201200.0
-118.12,33.99,26.0,2296.0,534.0,1777.0,507.0,2.5395,191000.0
-118.3,34.09,36.0,2332.0,993.0,3155.0,927.0,2.2612,230400.0
-122.05,37.39,25.0,347.0,82.0,148.0,77.0,4.4531,350000.0
-121.47,38.63,29.0,2197.0,520.0,1374.0,483.0,2.1889,69300.0
-121.5,36.81,20.0,1345.0,230.0,731.0,217.0,4.2333,363300.0
-122.08,37.7,25.0,3402.0,758.0,1645.0,710.0,3.4934,209900.0
-118.31,33.8,29.0,2795.0,572.0,1469.0,557.0,3.7167,308900.0
-117.82,33.67,17.0,2895.0,439.0,1588.0,450.0,6.276,290700.0
-121.86,36.6,21.0,3634.0,1011.0,1985.0,917.0,2.9085,156300.0
-119.2,34.18,27.0,1035.0,229.0,782.0,222.0,4.2212,185400.0
-122.68,38.25,29.0,1315.0,240.0,650.0,228.0,3.8269,306000.0
-119.8,36.75,52.0,1788.0,449.0,1156.0,418.0,1.7298,58400.0
-118.13,33.76,52.0,2216.0,526.0,940.0,530.0,4.5469,381000.0
-118.35,33.98,42.0,3081.0,680.0,1785.0,609.0,3.745,170800.0
-121.4,38.63,30.0,3626.0,834.0,1577.0,806.0,2.517,130400.0
-115.91,33.36,15.0,459.0,95.0,160.0,73.0,0.922,67500.0
-118.18,33.9,25.0,1709.0,442.0,1177.0,410.0,2.4333,155000.0
-122.11,37.66,35.0,2843.0,652.0,1726.0,643.0,3.09,174100.0
-120.45,34.71,21.0,1868.0,268.0,522.0,255.0,6.4678,249300.0
-117.96,33.81,35.0,1153.0,192.0,884.0,208.0,5.2384,177400.0
-121.62,36.74,30.0,1337.0,253.0,838.0,247.0,5.0374,165400.0
-124.14,41.06,32.0,1020.0,215.0,421.0,198.0,3.0208,143400.0
-117.27,34.5,8.0,3567.0,543.0,1133.0,419.0,5.3733,302600.0
-121.55,39.5,26.0,3215.0,827.0,2041.0,737.0,1.0585,45100.0
-119.77,36.79,27.0,2258.0,427.0,1076.0,423.0,2.9937,81100.0
-122.41,37.8,52.0,2450.0,741.0,1415.0,664.0,2.8229,375000.0
-119.74,34.44,27.0,1251.0,282.0,503.0,283.0,2.8,353000.0
-117.25,32.79,27.0,848.0,300.0,455.0,298.0,3.0774,275000.0
-121.15,39.23,13.0,3883.0,763.0,1816.0,682.0,2.8102,144400.0
-116.87,32.75,15.0,2053.0,321.0,993.0,309.0,5.5164,248900.0
-118.41,34.01,26.0,2503.0,449.0,1218.0,426.0,5.3683,500001.0
-121.44,38.61,41.0,1404.0,313.0,765.0,330.0,1.8792,63300.0
-120.72,38.57,8.0,892.0,185.0,427.0,164.0,2.6833,118800.0
-122.46,37.7,42.0,876.0,216.0,713.0,203.0,3.84,235900.0
-119.53,36.78,20.0,2822.0,479.0,1372.0,455.0,4.5625,136900.0
-121.36,38.62,34.0,2447.0,503.0,1077.0,456.0,3.058,133000.0
-118.09,33.99,35.0,2787.0,639.0,1923.0,614.0,3.5757,177900.0
-121.17,38.68,37.0,1252.0,267.0,686.0,256.0,3.0,121900.0
-117.09,32.76,31.0,1235.0,387.0,816.0,397.0,1.5517,122500.0
-121.56,39.27,28.0,2332.0,395.0,1041.0,344.0,3.7125,116800.0
-118.45,34.01,40.0,1361.0,240.0,559.0,229.0,6.3516,354300.0
-117.24,33.0,16.0,2512.0,356.0,795.0,353.0,7.5975,369100.0
-121.29,38.6,29.0,1276.0,225.0,600.0,223.0,4.0938,109100.0
-117.0,32.8,33.0,1816.0,325.0,768.0,316.0,4.5662,150300.0
-117.12,32.57,21.0,1738.0,295.0,983.0,298.0,4.8274,174100.0
-118.37,33.85,25.0,5622.0,998.0,2537.0,1009.0,5.785,395300.0
-118.31,33.67,42.0,1297.0,246.0,611.0,242.0,5.3074,401900.0
-118.47,34.04,32.0,2909.0,748.0,1310.0,706.0,4.516,350000.0
-119.58,36.83,13.0,6135.0,863.0,2473.0,774.0,5.4895,156700.0
-117.88,33.71,27.0,1596.0,297.0,1703.0,289.0,4.1,184900.0
-118.44,34.32,14.0,6235.0,1286.0,3568.0,1190.0,4.1724,211600.0
-117.87,33.84,25.0,1928.0,414.0,961.0,385.0,4.0724,231400.0
-118.25,33.93,38.0,180.0,43.0,246.0,56.0,2.85,90000.0
-120.51,37.32,13.0,2109.0,477.0,1108.0,466.0,2.3099,89600.0
-118.22,33.92,43.0,1195.0,256.0,1251.0,262.0,3.4539,125000.0
-120.42,34.96,20.0,1678.0,307.0,840.0,316.0,4.4342,160700.0
-121.22,37.8,28.0,2608.0,576.0,1719.0,554.0,2.1186,94400.0
-121.03,37.33,27.0,1333.0,230.0,730.0,229.0,3.06,106000.0
-117.93,34.05,32.0,3055.0,623.0,1902.0,565.0,4.2926,190700.0
-124.23,40.54,52.0,2694.0,453.0,1152.0,435.0,3.0806,106700.0
-116.54,33.81,31.0,6814.0,1714.0,2628.0,1341.0,2.1176,124100.0
-118.54,34.19,22.0,3380.0,790.0,2199.0,737.0,2.5739,239200.0
-122.7,38.45,26.0,2011.0,557.0,855.0,530.0,1.125,233300.0
-117.31,33.97,28.0,3420.0,691.0,1502.0,656.0,3.4896,140300.0
-121.24,38.78,11.0,1851.0,352.0,1049.0,369.0,3.5288,141100.0
-119.78,38.69,17.0,1364.0,282.0,338.0,152.0,2.45,117600.0
-122.12,37.85,18.0,5252.0,686.0,1870.0,657.0,8.0074,454100.0
-118.1,33.9,40.0,1880.0,377.0,1229.0,378.0,4.4167,174600.0
-124.14,40.72,18.0,2581.0,499.0,1375.0,503.0,2.8446,100500.0
-118.29,34.06,9.0,1554.0,815.0,1704.0,761.0,2.0185,141700.0
-116.99,32.7,15.0,3660.0,622.0,2629.0,612.0,4.0444,150100.0
-117.09,32.75,19.0,2739.0,707.0,2004.0,622.0,1.6318,117700.0
-121.63,39.15,27.0,2991.0,637.0,1419.0,606.0,1.8849,73500.0
-114.67,33.92,17.0,97.0,24.0,29.0,15.0,1.2656,27500.0
-118.1,33.81,36.0,856.0,146.0,451.0,164.0,5.1993,246000.0
-116.8,33.52,3.0,830.0,145.0,272.0,104.0,3.8281,163500.0
-118.44,33.81,33.0,3994.0,990.0,1647.0,931.0,5.0106,500001.0
-117.97,33.72,24.0,2991.0,500.0,1437.0,453.0,5.4286,273400.0
-116.51,33.84,16.0,980.0,193.0,454.0,185.0,4.0729,100000.0
-117.29,34.1,19.0,1204.0,405.0,844.0,424.0,0.7235,71300.0
-118.39,34.06,43.0,1879.0,397.0,873.0,382.0,3.8158,500001.0
-122.19,37.44,39.0,4402.0,618.0,1616.0,631.0,8.9955,500001.0
-122.06,37.7,37.0,1893.0,310.0,821.0,315.0,4.6005,231600.0
-117.48,33.91,22.0,3611.0,666.0,1869.0,649.0,4.2207,141100.0
-118.04,34.05,32.0,1252.0,273.0,1337.0,263.0,2.6579,156800.0
-118.33,34.1,30.0,5293.0,2446.0,4123.0,2127.0,1.51,187500.0
-118.4,33.97,44.0,2825.0,453.0,1221.0,461.0,5.9544,377200.0
-121.31,38.71,18.0,3998.0,744.0,2071.0,660.0,4.3836,102000.0
-120.3,38.9,11.0,1961.0,435.0,113.0,53.0,0.9227,95500.0
-117.84,34.0,26.0,797.0,117.0,383.0,114.0,6.8758,253800.0
-121.22,38.78,8.0,3418.0,514.0,1312.0,409.0,6.3914,218000.0
-122.86,38.44,31.0,1534.0,292.0,716.0,288.0,3.4471,209500.0
-118.12,33.83,45.0,1734.0,331.0,797.0,293.0,4.8917,222800.0
-118.17,33.96,29.0,2913.0,787.0,3803.0,740.0,2.5556,146500.0
-121.93,37.7,3.0,2456.0,582.0,793.0,456.0,4.4087,225600.0
-121.27,37.98,43.0,2608.0,516.0,1322.0,528.0,2.5714,70000.0
-122.8,38.18,36.0,2378.0,476.0,957.0,362.0,3.625,253100.0
-121.87,37.99,15.0,2203.0,312.0,1051.0,311.0,4.9783,163900.0
-118.09,33.94,36.0,2762.0,472.0,1576.0,493.0,4.0846,183400.0
-121.98,37.14,37.0,74.0,19.0,63.0,17.0,9.5908,350000.0
-118.26,34.24,35.0,1666.0,280.0,788.0,273.0,6.6277,344400.0
-122.42,37.72,37.0,2638.0,546.0,1789.0,521.0,4.0071,244700.0
-117.58,33.85,6.0,16431.0,2640.0,8222.0,2553.0,5.2861,195100.0
-117.16,33.57,2.0,20391.0,3245.0,7132.0,2716.0,3.9443,187300.0
-117.14,33.23,11.0,4068.0,829.0,918.0,500.0,3.1272,281300.0
-119.22,34.26,16.0,2596.0,625.0,1403.0,562.0,3.4018,145200.0
-118.09,34.05,22.0,1764.0,357.0,1379.0,363.0,3.5357,199000.0
-118.34,34.01,38.0,2318.0,735.0,1407.0,702.0,1.6187,266700.0
-118.91,35.24,29.0,2888.0,753.0,2949.0,699.0,1.7716,45500.0
-118.03,33.98,46.0,1974.0,465.0,880.0,441.0,2.7578,236800.0
-121.99,38.53,6.0,4598.0,834.0,2561.0,812.0,3.4186,127300.0
-117.42,34.11,25.0,4261.0,893.0,2319.0,702.0,3.3958,111900.0
-122.17,37.78,52.0,653.0,128.0,296.0,121.0,4.175,144000.0
-117.31,34.15,7.0,5747.0,1307.0,2578.0,1147.0,3.3281,122200.0
-118.24,34.14,9.0,4877.0,1488.0,4486.0,1458.0,2.4421,222100.0
-122.0,37.86,18.0,8953.0,1074.0,3011.0,993.0,10.7372,500001.0
-117.8,33.69,13.0,1161.0,289.0,630.0,296.0,3.3438,333300.0
-117.92,33.65,25.0,1679.0,470.0,1314.0,473.0,4.1026,211500.0
-118.17,34.08,39.0,787.0,181.0,731.0,179.0,3.2279,158500.0
-121.9,39.59,20.0,1465.0,278.0,745.0,250.0,3.0625,93800.0
-122.27,37.8,10.0,105.0,42.0,125.0,39.0,0.9722,137500.0
-117.08,32.61,27.0,2264.0,525.0,1485.0,468.0,3.3514,149100.0
-118.28,33.98,19.0,883.0,313.0,726.0,277.0,0.9809,121400.0
-118.47,34.0,42.0,1271.0,301.0,574.0,312.0,3.1304,340500.0
-122.19,37.79,50.0,968.0,195.0,462.0,184.0,2.9844,179900.0
-119.02,35.43,39.0,2033.0,370.0,956.0,379.0,3.1736,70700.0
-117.29,33.12,4.0,1380.0,322.0,755.0,286.0,4.7961,168800.0
-117.94,33.64,18.0,1867.0,426.0,871.0,399.0,2.6221,272000.0
-118.36,33.92,19.0,2807.0,883.0,1546.0,815.0,2.6375,233800.0
-117.56,33.83,28.0,895.0,127.0,346.0,115.0,5.4788,339300.0
-118.38,33.96,44.0,2395.0,458.0,1287.0,450.0,4.6923,299000.0
-118.43,34.26,43.0,729.0,172.0,935.0,174.0,2.9519,140900.0
-122.28,41.38,15.0,5266.0,1031.0,2147.0,885.0,2.8036,110100.0
-118.32,33.33,52.0,2127.0,512.0,733.0,288.0,3.3906,300000.0
-117.96,34.08,39.0,1076.0,338.0,1242.0,332.0,2.2679,151800.0
-117.05,32.61,31.0,4033.0,715.0,2585.0,715.0,3.5096,139900.0
-117.94,33.65,15.0,2016.0,443.0,1015.0,419.0,5.2732,209700.0
-117.9,34.04,15.0,11989.0,2185.0,6652.0,2081.0,4.5554,278300.0
-123.36,39.25,17.0,1087.0,254.0,522.0,202.0,2.5875,144500.0
-122.35,37.58,30.0,5039.0,1564.0,2129.0,1536.0,3.3469,345000.0
-117.89,33.68,26.0,2905.0,504.0,1452.0,491.0,5.0853,260300.0
-116.9,34.25,16.0,3018.0,523.0,556.0,244.0,3.5288,189700.0
-121.36,38.64,24.0,6540.0,1008.0,2667.0,1031.0,5.5632,175200.0
-122.55,37.79,32.0,2131.0,625.0,1229.0,572.0,2.9201,322200.0
-120.18,34.62,25.0,1337.0,219.0,671.0,225.0,3.1912,226400.0
-122.06,37.33,23.0,4507.0,751.0,2167.0,722.0,7.0102,500001.0
-121.46,38.54,39.0,1453.0,324.0,843.0,281.0,1.7692,63900.0
-122.32,37.97,33.0,1595.0,292.0,991.0,300.0,4.6937,134100.0
-122.54,37.94,39.0,3670.0,775.0,1519.0,788.0,4.4081,435200.0
-118.11,33.89,34.0,2508.0,594.0,1549.0,545.0,3.2069,236500.0
-121.95,36.59,22.0,3553.0,530.0,1108.0,441.0,5.8505,417100.0
-121.95,37.27,17.0,1330.0,271.0,408.0,258.0,1.7171,181300.0
-119.55,36.6,18.0,2379.0,448.0,1638.0,436.0,2.309,57100.0
-122.17,37.77,31.0,2424.0,533.0,1360.0,452.0,1.871,90700.0
-124.1,40.5,42.0,2380.0,553.0,1300.0,504.0,1.7574,57500.0
-118.07,33.8,17.0,2439.0,554.0,1161.0,532.0,3.6442,193100.0
-118.23,33.98,25.0,986.0,310.0,1439.0,251.0,2.39,183300.0
-118.26,34.14,6.0,1727.0,506.0,1200.0,439.0,4.1083,210700.0
-118.07,34.01,36.0,1391.0,283.0,1025.0,275.0,3.2375,176800.0
-118.08,33.91,18.0,1573.0,396.0,1200.0,365.0,2.895,146900.0
-122.36,40.66,17.0,2786.0,559.0,1528.0,517.0,2.0119,75800.0
-117.06,32.76,36.0,2785.0,577.0,1275.0,527.0,2.3015,156800.0
-121.96,37.3,23.0,4040.0,843.0,2181.0,843.0,4.0403,303400.0
-120.54,40.29,17.0,3391.0,623.0,1529.0,571.0,3.4028,91000.0
-124.15,40.78,36.0,2112.0,374.0,829.0,368.0,3.3984,90000.0
-118.35,34.32,52.0,102.0,29.0,54.0,32.0,1.9875,191700.0
-118.14,34.69,34.0,1439.0,327.0,708.0,298.0,3.2699,100000.0
-117.05,32.62,34.0,3928.0,686.0,2315.0,681.0,4.2851,144500.0
-120.59,37.35,15.0,3249.0,613.0,1569.0,595.0,3.5393,88000.0
-119.56,37.29,14.0,2391.0,451.0,798.0,308.0,3.0924,114600.0
-118.23,34.1,46.0,2483.0,587.0,2121.0,553.0,2.2788,152900.0
-118.29,34.05,11.0,677.0,370.0,1143.0,341.0,2.3864,350000.0
-118.17,34.04,43.0,908.0,232.0,1005.0,224.0,1.75,134000.0
-122.19,37.48,38.0,1300.0,269.0,608.0,292.0,4.5568,286900.0
-117.16,32.8,37.0,422.0,79.0,211.0,80.0,3.0625,159700.0
-117.88,33.69,20.0,5330.0,976.0,2734.0,1000.0,5.2138,233100.0
-117.82,33.68,4.0,1346.0,213.0,603.0,219.0,8.7974,360600.0
-116.88,34.24,13.0,4137.0,796.0,573.0,218.0,4.6394,226500.0
-117.22,33.21,19.0,4400.0,828.0,1901.0,735.0,3.6375,198800.0
-121.37,38.62,27.0,1743.0,380.0,697.0,368.0,1.6678,166100.0
-117.25,33.92,7.0,9812.0,1914.0,5595.0,1729.0,4.1482,124600.0
-117.96,33.68,25.0,2004.0,349.0,1085.0,343.0,4.7656,230700.0
-117.34,34.13,29.0,331.0,85.0,341.0,107.0,0.7069,70300.0
-121.33,38.6,25.0,4260.0,607.0,1635.0,640.0,6.2817,288200.0
-121.92,37.3,36.0,2088.0,358.0,772.0,347.0,4.2762,310100.0
-119.69,36.81,15.0,2892.0,496.0,1634.0,501.0,4.4934,88000.0
-121.58,39.52,25.0,2409.0,490.0,1384.0,479.0,1.9956,58000.0
-120.72,37.38,22.0,1311.0,319.0,1455.0,340.0,2.2813,67300.0
-119.9,36.94,11.0,2513.0,408.0,1360.0,415.0,4.277,98500.0
-122.29,37.55,27.0,3789.0,874.0,2243.0,866.0,4.39,270100.0
-122.24,37.76,52.0,2504.0,516.0,979.0,472.0,3.4762,244000.0
-118.39,33.96,45.0,1361.0,252.0,581.0,263.0,5.8143,340700.0
-120.42,34.95,33.0,3404.0,711.0,1579.0,639.0,3.1078,146700.0
-118.24,33.91,37.0,1607.0,377.0,1526.0,375.0,1.7158,94300.0
-117.35,33.19,28.0,2823.0,476.0,1189.0,433.0,5.1733,198100.0
-118.18,33.81,27.0,471.0,132.0,315.0,96.0,1.75,154200.0
-119.85,36.82,16.0,1852.0,274.0,887.0,286.0,5.5405,119300.0
-120.46,37.33,17.0,6111.0,1171.0,2950.0,1104.0,3.2852,98800.0
-118.41,34.04,49.0,601.0,95.0,228.0,106.0,8.0239,500001.0
-122.32,40.71,18.0,2879.0,578.0,1399.0,586.0,2.4036,105400.0
-122.32,41.31,45.0,1393.0,294.0,521.0,249.0,1.1915,71900.0
-122.21,37.78,52.0,1056.0,224.0,792.0,245.0,2.6583,142600.0
-118.29,34.1,39.0,631.0,298.0,744.0,274.0,2.7054,162500.0
-121.28,38.8,7.0,9003.0,1739.0,4445.0,1591.0,3.816,147900.0
-123.39,38.99,28.0,1416.0,294.0,812.0,258.0,3.4063,109400.0
-119.07,37.8,12.0,1736.0,352.0,330.0,123.0,3.5294,160700.0
-118.02,33.91,35.0,2182.0,390.0,1248.0,399.0,5.4236,216700.0
-117.07,32.68,18.0,1475.0,267.0,1149.0,268.0,5.0827,142200.0
-117.71,33.54,7.0,4907.0,577.0,1883.0,556.0,10.4415,453800.0
-121.03,37.65,37.0,375.0,58.0,120.0,37.0,3.9844,150000.0
-117.35,33.2,32.0,1251.0,220.0,700.0,232.0,3.9875,142900.0
-117.05,33.11,18.0,4393.0,642.0,2095.0,677.0,5.4786,223500.0
-121.35,38.0,22.0,3564.0,730.0,1539.0,699.0,3.675,152400.0
-116.85,34.98,26.0,3606.0,792.0,1683.0,608.0,2.6587,57400.0
-115.51,32.68,11.0,2872.0,610.0,2644.0,581.0,2.625,72700.0
-116.29,33.67,12.0,5048.0,842.0,883.0,391.0,5.6918,231300.0
-118.51,34.43,15.0,8510.0,1258.0,3733.0,1233.0,6.1082,253700.0
-116.69,33.5,13.0,1187.0,255.0,442.0,179.0,1.9107,155700.0
-122.48,37.71,43.0,3850.0,1018.0,1497.0,829.0,3.5296,400000.0
-117.06,32.68,41.0,2665.0,515.0,1664.0,512.0,2.375,113500.0
-119.74,36.79,28.0,2857.0,619.0,1614.0,592.0,2.1573,71400.0
-120.85,37.77,20.0,651.0,157.0,421.0,151.0,2.0833,77300.0
-122.36,37.95,38.0,1042.0,289.0,773.0,248.0,2.7714,104700.0
-121.88,37.33,35.0,3300.0,1154.0,3120.0,1075.0,1.473,213600.0
-120.66,40.41,52.0,2081.0,478.0,1051.0,419.0,2.2992,70200.0
-122.46,37.75,52.0,1849.0,287.0,695.0,258.0,6.5372,394000.0
-117.23,32.73,35.0,2914.0,683.0,1562.0,638.0,2.5259,240200.0
-118.25,34.16,14.0,3700.0,945.0,1681.0,905.0,3.9054,200000.0
-119.81,36.73,51.0,956.0,196.0,662.0,180.0,2.101,56700.0
-117.9,34.12,33.0,1788.0,456.0,1787.0,361.0,2.6629,124100.0
-118.17,34.12,37.0,2246.0,481.0,995.0,459.0,4.2944,354700.0
-117.12,33.14,16.0,1710.0,272.0,1025.0,267.0,4.1641,163600.0
-117.78,33.85,16.0,3781.0,504.0,1665.0,499.0,7.2554,335600.0
-120.67,37.37,18.0,164.0,30.0,104.0,32.0,1.6607,87500.0
-118.32,34.2,36.0,759.0,136.0,372.0,135.0,4.9886,328900.0
-114.61,34.83,31.0,2478.0,464.0,1346.0,479.0,3.212,70400.0
-118.15,34.12,49.0,1789.0,288.0,848.0,311.0,6.0199,500000.0
-118.36,33.98,45.0,1559.0,305.0,891.0,341.0,4.4038,259400.0
-118.46,33.99,35.0,1214.0,300.0,478.0,265.0,4.0156,500001.0
-121.45,38.61,34.0,438.0,116.0,263.0,100.0,0.9379,67500.0
-118.36,34.15,34.0,3659.0,921.0,1338.0,835.0,3.6202,366100.0
-117.39,33.97,48.0,1915.0,348.0,1060.0,376.0,3.4044,117900.0
-122.02,37.84,34.0,1879.0,265.0,729.0,263.0,7.7072,443800.0
-119.81,36.76,52.0,1792.0,352.0,1049.0,357.0,2.4375,57100.0
-122.38,41.43,45.0,2245.0,448.0,1155.0,421.0,1.6509,46200.0
-118.43,34.03,45.0,1740.0,311.0,788.0,306.0,5.2099,373600.0
-117.66,33.46,26.0,2073.0,370.0,952.0,340.0,5.0877,288100.0
-117.63,34.08,38.0,1810.0,371.0,1257.0,354.0,3.8355,111700.0
-117.14,32.72,45.0,1140.0,310.0,840.0,339.0,1.6156,156300.0
-121.66,36.67,40.0,2878.0,592.0,1444.0,564.0,3.1439,192300.0
-118.99,35.35,27.0,1615.0,355.0,1380.0,332.0,1.6632,49800.0
-118.2,33.81,45.0,944.0,178.0,533.0,193.0,3.4808,206900.0
-118.41,34.18,35.0,2785.0,663.0,1631.0,614.0,3.9038,276100.0
-118.34,33.93,37.0,1638.0,407.0,1341.0,369.0,3.0677,167700.0
-117.98,33.65,22.0,3335.0,754.0,1500.0,719.0,3.7315,197900.0
-117.31,33.75,19.0,3173.0,678.0,2204.0,606.0,2.1484,129200.0
-118.56,34.14,23.0,9657.0,1189.0,3585.0,1162.0,10.4399,500001.0
-121.91,37.33,28.0,454.0,147.0,366.0,140.0,2.9853,187500.0
-117.97,33.93,33.0,1700.0,369.0,981.0,362.0,4.5461,194000.0
-121.67,36.67,24.0,3071.0,544.0,1477.0,560.0,3.9219,222500.0
-121.7,36.55,21.0,3905.0,583.0,1528.0,586.0,7.6245,336600.0
-122.64,41.95,18.0,1867.0,424.0,802.0,314.0,1.8242,53500.0
-118.04,33.93,35.0,1805.0,387.0,1505.0,366.0,4.1667,151900.0
-121.73,38.56,30.0,3306.0,629.0,1623.0,648.0,2.8614,145200.0
-117.32,34.08,41.0,1359.0,264.0,786.0,244.0,2.5208,85500.0
-117.09,32.79,20.0,2183.0,534.0,999.0,496.0,2.8631,169700.0
-121.21,37.8,44.0,300.0,72.0,160.0,73.0,2.1786,120800.0
-118.37,33.86,28.0,2685.0,581.0,1243.0,529.0,4.119,324000.0
-117.88,33.73,36.0,2471.0,498.0,2594.0,475.0,3.75,170500.0
-121.86,37.35,35.0,2391.0,605.0,1886.0,595.0,2.5551,182100.0
-122.07,37.96,37.0,1217.0,199.0,552.0,194.0,5.0445,196200.0
-118.42,34.04,51.0,1975.0,348.0,771.0,357.0,6.626,500001.0
-118.24,34.0,38.0,1715.0,414.0,1714.0,389.0,1.7132,108200.0
-119.72,36.71,7.0,2456.0,463.0,1350.0,424.0,3.0179,91600.0
-121.76,37.29,15.0,2267.0,348.0,1150.0,327.0,7.1267,277900.0
-118.25,33.99,39.0,1274.0,319.0,1362.0,324.0,2.1793,107900.0
-122.5,37.74,44.0,2527.0,518.0,1434.0,444.0,3.875,275700.0
-121.93,37.35,36.0,1823.0,410.0,1589.0,387.0,3.1065,234100.0
-118.48,34.24,32.0,2621.0,412.0,1285.0,414.0,6.6537,267600.0
-118.14,34.15,17.0,1896.0,674.0,971.0,652.0,0.8438,175000.0
-118.2,34.04,52.0,1249.0,307.0,1223.0,297.0,2.07,136300.0
-117.87,33.74,52.0,2411.0,526.0,2165.0,521.0,3.415,172500.0
-118.41,34.19,37.0,1993.0,425.0,939.0,400.0,2.8021,224600.0
-121.97,36.97,24.0,3665.0,870.0,1954.0,833.0,2.8036,228500.0
-119.25,35.76,36.0,2332.0,656.0,2175.0,610.0,1.6045,57300.0
-122.12,37.39,34.0,3561.0,497.0,1336.0,501.0,8.9172,500001.0
-121.02,36.24,12.0,2198.0,507.0,1971.0,502.0,2.6801,100000.0
-118.3,33.75,19.0,2356.0,440.0,1291.0,418.0,4.2308,416100.0
-122.53,37.96,36.0,4385.0,620.0,1549.0,626.0,8.3935,470500.0
-119.95,38.95,22.0,1058.0,352.0,851.0,269.0,2.02,87500.0
-120.43,34.87,26.0,1699.0,272.0,799.0,266.0,3.9871,157700.0
-117.07,32.56,9.0,3648.0,895.0,3293.0,840.0,3.0992,142600.0
-118.46,33.97,19.0,1658.0,427.0,648.0,378.0,3.8698,500001.0
-118.11,34.0,24.0,2403.0,590.0,2103.0,547.0,2.7292,193800.0
-122.33,40.57,16.0,2777.0,503.0,1432.0,500.0,2.5592,75900.0
-118.39,34.02,38.0,2447.0,636.0,1312.0,574.0,3.5909,279400.0
